{
    "metadata": {
      "exportDate": "2025-12-10T00:33:05.384Z",
      "toolVersion": "1.0.0",
      "stationInfo": {}
    },
    "data": {
      "equipment": [
        {
          "id": "equip_1",
          "name": "VAV-001",
          "type": "VAV",
          "location": "Floor 1",
          "ord": "/Services/FieldBus/Equipment/VAV_1"
        },
        {
          "id": "equip_2",
          "name": "Chiller-002",
          "type": "Chiller",
          "location": "Floor 1",
          "ord": "/Services/FieldBus/Equipment/Chiller_2"
        },
        {
          "id": "equip_3",
          "name": "Boiler-003",
          "type": "Boiler",
          "location": "Floor 1",
          "ord": "/Services/FieldBus/Equipment/Boiler_3"
        },
        {
          "id": "equip_4",
          "name": "Pump-004",
          "type": "Pump",
          "location": "Floor 1",
          "ord": "/Services/FieldBus/Equipment/Pump_4"
        },
        {
          "id": "equip_5",
          "name": "Fan-005",
          "type": "Fan",
          "location": "Floor 1",
          "ord": "/Services/FieldBus/Equipment/Fan_5"
        },
        {
          "id": "equip_6",
          "name": "AHU-006",
          "type": "AHU",
          "location": "Floor 1",
          "ord": "/Services/FieldBus/Equipment/AHU_6"
        },
        {
          "id": "equip_7",
          "name": "VAV-007",
          "type": "VAV",
          "location": "Floor 1",
          "ord": "/Services/FieldBus/Equipment/VAV_7"
        },
        {
          "id": "equip_8",
          "name": "Chiller-008",
          "type": "Chiller",
          "location": "Floor 1",
          "ord": "/Services/FieldBus/Equipment/Chiller_8"
        },
        {
          "id": "equip_9",
          "name": "Boiler-009",
          "type": "Boiler",
          "location": "Floor 1",
          "ord": "/Services/FieldBus/Equipment/Boiler_9"
        },
        {
          "id": "equip_10",
          "name": "Pump-010",
          "type": "Pump",
          "location": "Floor 1",
          "ord": "/Services/FieldBus/Equipment/Pump_10"
        },
        {
          "id": "equip_11",
          "name": "Fan-011",
          "type": "Fan",
          "location": "Floor 2",
          "ord": "/Services/FieldBus/Equipment/Fan_11"
        },
        {
          "id": "equip_12",
          "name": "AHU-012",
          "type": "AHU",
          "location": "Floor 2",
          "ord": "/Services/FieldBus/Equipment/AHU_12"
        },
        {
          "id": "equip_13",
          "name": "VAV-013",
          "type": "VAV",
          "location": "Floor 2",
          "ord": "/Services/FieldBus/Equipment/VAV_13"
        },
        {
          "id": "equip_14",
          "name": "Chiller-014",
          "type": "Chiller",
          "location": "Floor 2",
          "ord": "/Services/FieldBus/Equipment/Chiller_14"
        },
        {
          "id": "equip_15",
          "name": "Boiler-015",
          "type": "Boiler",
          "location": "Floor 2",
          "ord": "/Services/FieldBus/Equipment/Boiler_15"
        },
        {
          "id": "equip_16",
          "name": "Pump-016",
          "type": "Pump",
          "location": "Floor 2",
          "ord": "/Services/FieldBus/Equipment/Pump_16"
        },
        {
          "id": "equip_17",
          "name": "Fan-017",
          "type": "Fan",
          "location": "Floor 2",
          "ord": "/Services/FieldBus/Equipment/Fan_17"
        },
        {
          "id": "equip_18",
          "name": "AHU-018",
          "type": "AHU",
          "location": "Floor 2",
          "ord": "/Services/FieldBus/Equipment/AHU_18"
        },
        {
          "id": "equip_19",
          "name": "VAV-019",
          "type": "VAV",
          "location": "Floor 2",
          "ord": "/Services/FieldBus/Equipment/VAV_19"
        },
        {
          "id": "equip_20",
          "name": "Chiller-020",
          "type": "Chiller",
          "location": "Floor 2",
          "ord": "/Services/FieldBus/Equipment/Chiller_20"
        },
        {
          "id": "equip_21",
          "name": "Boiler-021",
          "type": "Boiler",
          "location": "Floor 3",
          "ord": "/Services/FieldBus/Equipment/Boiler_21"
        },
        {
          "id": "equip_22",
          "name": "Pump-022",
          "type": "Pump",
          "location": "Floor 3",
          "ord": "/Services/FieldBus/Equipment/Pump_22"
        },
        {
          "id": "equip_23",
          "name": "Fan-023",
          "type": "Fan",
          "location": "Floor 3",
          "ord": "/Services/FieldBus/Equipment/Fan_23"
        },
        {
          "id": "equip_24",
          "name": "AHU-024",
          "type": "AHU",
          "location": "Floor 3",
          "ord": "/Services/FieldBus/Equipment/AHU_24"
        },
        {
          "id": "equip_25",
          "name": "VAV-025",
          "type": "VAV",
          "location": "Floor 3",
          "ord": "/Services/FieldBus/Equipment/VAV_25"
        },
        {
          "id": "equip_26",
          "name": "Chiller-026",
          "type": "Chiller",
          "location": "Floor 3",
          "ord": "/Services/FieldBus/Equipment/Chiller_26"
        },
        {
          "id": "equip_27",
          "name": "Boiler-027",
          "type": "Boiler",
          "location": "Floor 3",
          "ord": "/Services/FieldBus/Equipment/Boiler_27"
        },
        {
          "id": "equip_28",
          "name": "Pump-028",
          "type": "Pump",
          "location": "Floor 3",
          "ord": "/Services/FieldBus/Equipment/Pump_28"
        },
        {
          "id": "equip_29",
          "name": "Fan-029",
          "type": "Fan",
          "location": "Floor 3",
          "ord": "/Services/FieldBus/Equipment/Fan_29"
        },
        {
          "id": "equip_30",
          "name": "AHU-030",
          "type": "AHU",
          "location": "Floor 3",
          "ord": "/Services/FieldBus/Equipment/AHU_30"
        },
        {
          "id": "equip_31",
          "name": "VAV-031",
          "type": "VAV",
          "location": "Floor 4",
          "ord": "/Services/FieldBus/Equipment/VAV_31"
        },
        {
          "id": "equip_32",
          "name": "Chiller-032",
          "type": "Chiller",
          "location": "Floor 4",
          "ord": "/Services/FieldBus/Equipment/Chiller_32"
        },
        {
          "id": "equip_33",
          "name": "Boiler-033",
          "type": "Boiler",
          "location": "Floor 4",
          "ord": "/Services/FieldBus/Equipment/Boiler_33"
        },
        {
          "id": "equip_34",
          "name": "Pump-034",
          "type": "Pump",
          "location": "Floor 4",
          "ord": "/Services/FieldBus/Equipment/Pump_34"
        },
        {
          "id": "equip_35",
          "name": "Fan-035",
          "type": "Fan",
          "location": "Floor 4",
          "ord": "/Services/FieldBus/Equipment/Fan_35"
        },
        {
          "id": "equip_36",
          "name": "AHU-036",
          "type": "AHU",
          "location": "Floor 4",
          "ord": "/Services/FieldBus/Equipment/AHU_36"
        },
        {
          "id": "equip_37",
          "name": "VAV-037",
          "type": "VAV",
          "location": "Floor 4",
          "ord": "/Services/FieldBus/Equipment/VAV_37"
        },
        {
          "id": "equip_38",
          "name": "Chiller-038",
          "type": "Chiller",
          "location": "Floor 4",
          "ord": "/Services/FieldBus/Equipment/Chiller_38"
        },
        {
          "id": "equip_39",
          "name": "Boiler-039",
          "type": "Boiler",
          "location": "Floor 4",
          "ord": "/Services/FieldBus/Equipment/Boiler_39"
        },
        {
          "id": "equip_40",
          "name": "Pump-040",
          "type": "Pump",
          "location": "Floor 4",
          "ord": "/Services/FieldBus/Equipment/Pump_40"
        },
        {
          "id": "equip_41",
          "name": "Fan-041",
          "type": "Fan",
          "location": "Floor 5",
          "ord": "/Services/FieldBus/Equipment/Fan_41"
        },
        {
          "id": "equip_42",
          "name": "AHU-042",
          "type": "AHU",
          "location": "Floor 5",
          "ord": "/Services/FieldBus/Equipment/AHU_42"
        },
        {
          "id": "equip_43",
          "name": "VAV-043",
          "type": "VAV",
          "location": "Floor 5",
          "ord": "/Services/FieldBus/Equipment/VAV_43"
        },
        {
          "id": "equip_44",
          "name": "Chiller-044",
          "type": "Chiller",
          "location": "Floor 5",
          "ord": "/Services/FieldBus/Equipment/Chiller_44"
        },
        {
          "id": "equip_45",
          "name": "Boiler-045",
          "type": "Boiler",
          "location": "Floor 5",
          "ord": "/Services/FieldBus/Equipment/Boiler_45"
        }
      ],
      "points": [
        {
          "id": "point_1",
          "name": "Pressure_001",
          "type": "Pressure",
          "unit": "PSI",
          "value": 60.04402126963081,
          "ord": "/Points/Pressure_1"
        },
        {
          "id": "point_2",
          "name": "Flow_002",
          "type": "Flow",
          "unit": "CFM",
          "value": 23.686148781775675,
          "ord": "/Points/Flow_2"
        },
        {
          "id": "point_3",
          "name": "Status_003",
          "type": "Status",
          "unit": "",
          "value": 93.3708106203393,
          "ord": "/Points/Status_3"
        },
        {
          "id": "point_4",
          "name": "Command_004",
          "type": "Command",
          "unit": "",
          "value": 86.14628385643584,
          "ord": "/Points/Command_4"
        },
        {
          "id": "point_5",
          "name": "Setpoint_005",
          "type": "Setpoint",
          "unit": "°F",
          "value": 70.59122953671168,
          "ord": "/Points/Setpoint_5"
        },
        {
          "id": "point_6",
          "name": "Temperature_006",
          "type": "Temperature",
          "unit": "°F",
          "value": 67.95192685871332,
          "ord": "/Points/Temperature_6"
        },
        {
          "id": "point_7",
          "name": "Pressure_007",
          "type": "Pressure",
          "unit": "PSI",
          "value": 11.787271845734892,
          "ord": "/Points/Pressure_7"
        },
        {
          "id": "point_8",
          "name": "Flow_008",
          "type": "Flow",
          "unit": "CFM",
          "value": 54.99273832251821,
          "ord": "/Points/Flow_8"
        },
        {
          "id": "point_9",
          "name": "Status_009",
          "type": "Status",
          "unit": "",
          "value": 61.845529671652756,
          "ord": "/Points/Status_9"
        },
        {
          "id": "point_10",
          "name": "Command_010",
          "type": "Command",
          "unit": "",
          "value": 79.5101862897118,
          "ord": "/Points/Command_10"
        },
        {
          "id": "point_11",
          "name": "Setpoint_011",
          "type": "Setpoint",
          "unit": "°F",
          "value": 17.630678088340456,
          "ord": "/Points/Setpoint_11"
        },
        {
          "id": "point_12",
          "name": "Temperature_012",
          "type": "Temperature",
          "unit": "°F",
          "value": 95.76392264826852,
          "ord": "/Points/Temperature_12"
        },
        {
          "id": "point_13",
          "name": "Pressure_013",
          "type": "Pressure",
          "unit": "PSI",
          "value": 84.8199010430725,
          "ord": "/Points/Pressure_13"
        },
        {
          "id": "point_14",
          "name": "Flow_014",
          "type": "Flow",
          "unit": "CFM",
          "value": 29.007987970351834,
          "ord": "/Points/Flow_14"
        },
        {
          "id": "point_15",
          "name": "Status_015",
          "type": "Status",
          "unit": "",
          "value": 43.67122634669768,
          "ord": "/Points/Status_15"
        },
        {
          "id": "point_16",
          "name": "Command_016",
          "type": "Command",
          "unit": "",
          "value": 12.595796849957619,
          "ord": "/Points/Command_16"
        },
        {
          "id": "point_17",
          "name": "Setpoint_017",
          "type": "Setpoint",
          "unit": "°F",
          "value": 9.580091734250596,
          "ord": "/Points/Setpoint_17"
        },
        {
          "id": "point_18",
          "name": "Temperature_018",
          "type": "Temperature",
          "unit": "°F",
          "value": 58.090206051795434,
          "ord": "/Points/Temperature_18"
        },
        {
          "id": "point_19",
          "name": "Pressure_019",
          "type": "Pressure",
          "unit": "PSI",
          "value": 37.220428301059215,
          "ord": "/Points/Pressure_19"
        },
        {
          "id": "point_20",
          "name": "Flow_020",
          "type": "Flow",
          "unit": "CFM",
          "value": 17.892585983515264,
          "ord": "/Points/Flow_20"
        },
        {
          "id": "point_21",
          "name": "Status_021",
          "type": "Status",
          "unit": "",
          "value": 71.20055876495475,
          "ord": "/Points/Status_21"
        },
        {
          "id": "point_22",
          "name": "Command_022",
          "type": "Command",
          "unit": "",
          "value": 22.637839730356934,
          "ord": "/Points/Command_22"
        },
        {
          "id": "point_23",
          "name": "Setpoint_023",
          "type": "Setpoint",
          "unit": "°F",
          "value": 82.39965873202068,
          "ord": "/Points/Setpoint_23"
        },
        {
          "id": "point_24",
          "name": "Temperature_024",
          "type": "Temperature",
          "unit": "°F",
          "value": 8.782541634232421,
          "ord": "/Points/Temperature_24"
        },
        {
          "id": "point_25",
          "name": "Pressure_025",
          "type": "Pressure",
          "unit": "PSI",
          "value": 76.75156597711279,
          "ord": "/Points/Pressure_25"
        },
        {
          "id": "point_26",
          "name": "Flow_026",
          "type": "Flow",
          "unit": "CFM",
          "value": 17.688989605925943,
          "ord": "/Points/Flow_26"
        },
        {
          "id": "point_27",
          "name": "Status_027",
          "type": "Status",
          "unit": "",
          "value": 55.24240007372586,
          "ord": "/Points/Status_27"
        },
        {
          "id": "point_28",
          "name": "Command_028",
          "type": "Command",
          "unit": "",
          "value": 48.69942499953533,
          "ord": "/Points/Command_28"
        },
        {
          "id": "point_29",
          "name": "Setpoint_029",
          "type": "Setpoint",
          "unit": "°F",
          "value": 9.109948881493501,
          "ord": "/Points/Setpoint_29"
        },
        {
          "id": "point_30",
          "name": "Temperature_030",
          "type": "Temperature",
          "unit": "°F",
          "value": 80.95469050016303,
          "ord": "/Points/Temperature_30"
        },
        {
          "id": "point_31",
          "name": "Pressure_031",
          "type": "Pressure",
          "unit": "PSI",
          "value": 52.451209638499726,
          "ord": "/Points/Pressure_31"
        },
        {
          "id": "point_32",
          "name": "Flow_032",
          "type": "Flow",
          "unit": "CFM",
          "value": 25.384104694880328,
          "ord": "/Points/Flow_32"
        },
        {
          "id": "point_33",
          "name": "Status_033",
          "type": "Status",
          "unit": "",
          "value": 1.0231228609359322,
          "ord": "/Points/Status_33"
        },
        {
          "id": "point_34",
          "name": "Command_034",
          "type": "Command",
          "unit": "",
          "value": 54.04025056391875,
          "ord": "/Points/Command_34"
        },
        {
          "id": "point_35",
          "name": "Setpoint_035",
          "type": "Setpoint",
          "unit": "°F",
          "value": 81.65629328056164,
          "ord": "/Points/Setpoint_35"
        },
        {
          "id": "point_36",
          "name": "Temperature_036",
          "type": "Temperature",
          "unit": "°F",
          "value": 53.61026313107481,
          "ord": "/Points/Temperature_36"
        },
        {
          "id": "point_37",
          "name": "Pressure_037",
          "type": "Pressure",
          "unit": "PSI",
          "value": 54.293499271742384,
          "ord": "/Points/Pressure_37"
        },
        {
          "id": "point_38",
          "name": "Flow_038",
          "type": "Flow",
          "unit": "CFM",
          "value": 94.77633169796044,
          "ord": "/Points/Flow_38"
        },
        {
          "id": "point_39",
          "name": "Status_039",
          "type": "Status",
          "unit": "",
          "value": 44.08127109135355,
          "ord": "/Points/Status_39"
        },
        {
          "id": "point_40",
          "name": "Command_040",
          "type": "Command",
          "unit": "",
          "value": 10.859222417177161,
          "ord": "/Points/Command_40"
        },
        {
          "id": "point_41",
          "name": "Setpoint_041",
          "type": "Setpoint",
          "unit": "°F",
          "value": 8.975833558357015,
          "ord": "/Points/Setpoint_41"
        },
        {
          "id": "point_42",
          "name": "Temperature_042",
          "type": "Temperature",
          "unit": "°F",
          "value": 19.121400718579007,
          "ord": "/Points/Temperature_42"
        },
        {
          "id": "point_43",
          "name": "Pressure_043",
          "type": "Pressure",
          "unit": "PSI",
          "value": 83.21720830346219,
          "ord": "/Points/Pressure_43"
        },
        {
          "id": "point_44",
          "name": "Flow_044",
          "type": "Flow",
          "unit": "CFM",
          "value": 57.03393779620879,
          "ord": "/Points/Flow_44"
        },
        {
          "id": "point_45",
          "name": "Status_045",
          "type": "Status",
          "unit": "",
          "value": 36.57376890335491,
          "ord": "/Points/Status_45"
        },
        {
          "id": "point_46",
          "name": "Command_046",
          "type": "Command",
          "unit": "",
          "value": 84.92170678347519,
          "ord": "/Points/Command_46"
        },
        {
          "id": "point_47",
          "name": "Setpoint_047",
          "type": "Setpoint",
          "unit": "°F",
          "value": 99.48021743579056,
          "ord": "/Points/Setpoint_47"
        },
        {
          "id": "point_48",
          "name": "Temperature_048",
          "type": "Temperature",
          "unit": "°F",
          "value": 76.41576399670866,
          "ord": "/Points/Temperature_48"
        },
        {
          "id": "point_49",
          "name": "Pressure_049",
          "type": "Pressure",
          "unit": "PSI",
          "value": 28.151648731346402,
          "ord": "/Points/Pressure_49"
        },
        {
          "id": "point_50",
          "name": "Flow_050",
          "type": "Flow",
          "unit": "CFM",
          "value": 71.84832377249857,
          "ord": "/Points/Flow_50"
        },
        {
          "id": "point_51",
          "name": "Status_051",
          "type": "Status",
          "unit": "",
          "value": 96.49663013251862,
          "ord": "/Points/Status_51"
        },
        {
          "id": "point_52",
          "name": "Command_052",
          "type": "Command",
          "unit": "",
          "value": 79.0497009978361,
          "ord": "/Points/Command_52"
        },
        {
          "id": "point_53",
          "name": "Setpoint_053",
          "type": "Setpoint",
          "unit": "°F",
          "value": 32.486110110049005,
          "ord": "/Points/Setpoint_53"
        },
        {
          "id": "point_54",
          "name": "Temperature_054",
          "type": "Temperature",
          "unit": "°F",
          "value": 45.155619593692144,
          "ord": "/Points/Temperature_54"
        },
        {
          "id": "point_55",
          "name": "Pressure_055",
          "type": "Pressure",
          "unit": "PSI",
          "value": 3.322054827369747,
          "ord": "/Points/Pressure_55"
        },
        {
          "id": "point_56",
          "name": "Flow_056",
          "type": "Flow",
          "unit": "CFM",
          "value": 61.00337389855054,
          "ord": "/Points/Flow_56"
        },
        {
          "id": "point_57",
          "name": "Status_057",
          "type": "Status",
          "unit": "",
          "value": 21.852524734822975,
          "ord": "/Points/Status_57"
        },
        {
          "id": "point_58",
          "name": "Command_058",
          "type": "Command",
          "unit": "",
          "value": 97.72580051643429,
          "ord": "/Points/Command_58"
        },
        {
          "id": "point_59",
          "name": "Setpoint_059",
          "type": "Setpoint",
          "unit": "°F",
          "value": 11.212012983617525,
          "ord": "/Points/Setpoint_59"
        },
        {
          "id": "point_60",
          "name": "Temperature_060",
          "type": "Temperature",
          "unit": "°F",
          "value": 21.041593852682126,
          "ord": "/Points/Temperature_60"
        },
        {
          "id": "point_61",
          "name": "Pressure_061",
          "type": "Pressure",
          "unit": "PSI",
          "value": 9.219685148142354,
          "ord": "/Points/Pressure_61"
        },
        {
          "id": "point_62",
          "name": "Flow_062",
          "type": "Flow",
          "unit": "CFM",
          "value": 1.2840882435716128,
          "ord": "/Points/Flow_62"
        },
        {
          "id": "point_63",
          "name": "Status_063",
          "type": "Status",
          "unit": "",
          "value": 47.80804434281871,
          "ord": "/Points/Status_63"
        },
        {
          "id": "point_64",
          "name": "Command_064",
          "type": "Command",
          "unit": "",
          "value": 33.08538410785381,
          "ord": "/Points/Command_64"
        },
        {
          "id": "point_65",
          "name": "Setpoint_065",
          "type": "Setpoint",
          "unit": "°F",
          "value": 62.783104852169124,
          "ord": "/Points/Setpoint_65"
        },
        {
          "id": "point_66",
          "name": "Temperature_066",
          "type": "Temperature",
          "unit": "°F",
          "value": 80.89775122098438,
          "ord": "/Points/Temperature_66"
        },
        {
          "id": "point_67",
          "name": "Pressure_067",
          "type": "Pressure",
          "unit": "PSI",
          "value": 61.798381133979355,
          "ord": "/Points/Pressure_67"
        },
        {
          "id": "point_68",
          "name": "Flow_068",
          "type": "Flow",
          "unit": "CFM",
          "value": 51.60842934623741,
          "ord": "/Points/Flow_68"
        },
        {
          "id": "point_69",
          "name": "Status_069",
          "type": "Status",
          "unit": "",
          "value": 40.06791695589095,
          "ord": "/Points/Status_69"
        },
        {
          "id": "point_70",
          "name": "Command_070",
          "type": "Command",
          "unit": "",
          "value": 43.808681642068706,
          "ord": "/Points/Command_70"
        },
        {
          "id": "point_71",
          "name": "Setpoint_071",
          "type": "Setpoint",
          "unit": "°F",
          "value": 7.714987055179678,
          "ord": "/Points/Setpoint_71"
        },
        {
          "id": "point_72",
          "name": "Temperature_072",
          "type": "Temperature",
          "unit": "°F",
          "value": 37.400165030122864,
          "ord": "/Points/Temperature_72"
        },
        {
          "id": "point_73",
          "name": "Pressure_073",
          "type": "Pressure",
          "unit": "PSI",
          "value": 0.9924448540493569,
          "ord": "/Points/Pressure_73"
        },
        {
          "id": "point_74",
          "name": "Flow_074",
          "type": "Flow",
          "unit": "CFM",
          "value": 16.738587241906487,
          "ord": "/Points/Flow_74"
        },
        {
          "id": "point_75",
          "name": "Status_075",
          "type": "Status",
          "unit": "",
          "value": 80.51377415216734,
          "ord": "/Points/Status_75"
        },
        {
          "id": "point_76",
          "name": "Command_076",
          "type": "Command",
          "unit": "",
          "value": 61.1182865079666,
          "ord": "/Points/Command_76"
        },
        {
          "id": "point_77",
          "name": "Setpoint_077",
          "type": "Setpoint",
          "unit": "°F",
          "value": 1.6760031753964455,
          "ord": "/Points/Setpoint_77"
        },
        {
          "id": "point_78",
          "name": "Temperature_078",
          "type": "Temperature",
          "unit": "°F",
          "value": 31.407532485066135,
          "ord": "/Points/Temperature_78"
        },
        {
          "id": "point_79",
          "name": "Pressure_079",
          "type": "Pressure",
          "unit": "PSI",
          "value": 43.80228687354123,
          "ord": "/Points/Pressure_79"
        },
        {
          "id": "point_80",
          "name": "Flow_080",
          "type": "Flow",
          "unit": "CFM",
          "value": 2.789308474423291,
          "ord": "/Points/Flow_80"
        },
        {
          "id": "point_81",
          "name": "Status_081",
          "type": "Status",
          "unit": "",
          "value": 35.93486756876264,
          "ord": "/Points/Status_81"
        },
        {
          "id": "point_82",
          "name": "Command_082",
          "type": "Command",
          "unit": "",
          "value": 66.64912655346846,
          "ord": "/Points/Command_82"
        },
        {
          "id": "point_83",
          "name": "Setpoint_083",
          "type": "Setpoint",
          "unit": "°F",
          "value": 10.991679749455551,
          "ord": "/Points/Setpoint_83"
        },
        {
          "id": "point_84",
          "name": "Temperature_084",
          "type": "Temperature",
          "unit": "°F",
          "value": 28.718268834970615,
          "ord": "/Points/Temperature_84"
        },
        {
          "id": "point_85",
          "name": "Pressure_085",
          "type": "Pressure",
          "unit": "PSI",
          "value": 43.114366939704894,
          "ord": "/Points/Pressure_85"
        },
        {
          "id": "point_86",
          "name": "Flow_086",
          "type": "Flow",
          "unit": "CFM",
          "value": 2.8788939360355204,
          "ord": "/Points/Flow_86"
        },
        {
          "id": "point_87",
          "name": "Status_087",
          "type": "Status",
          "unit": "",
          "value": 98.25530734550907,
          "ord": "/Points/Status_87"
        },
        {
          "id": "point_88",
          "name": "Command_088",
          "type": "Command",
          "unit": "",
          "value": 10.21002414443969,
          "ord": "/Points/Command_88"
        },
        {
          "id": "point_89",
          "name": "Setpoint_089",
          "type": "Setpoint",
          "unit": "°F",
          "value": 89.3018963381452,
          "ord": "/Points/Setpoint_89"
        },
        {
          "id": "point_90",
          "name": "Temperature_090",
          "type": "Temperature",
          "unit": "°F",
          "value": 64.98574432383184,
          "ord": "/Points/Temperature_90"
        },
        {
          "id": "point_91",
          "name": "Pressure_091",
          "type": "Pressure",
          "unit": "PSI",
          "value": 10.596553696317734,
          "ord": "/Points/Pressure_91"
        },
        {
          "id": "point_92",
          "name": "Flow_092",
          "type": "Flow",
          "unit": "CFM",
          "value": 90.457610550142,
          "ord": "/Points/Flow_92"
        },
        {
          "id": "point_93",
          "name": "Status_093",
          "type": "Status",
          "unit": "",
          "value": 46.55682498665175,
          "ord": "/Points/Status_93"
        },
        {
          "id": "point_94",
          "name": "Command_094",
          "type": "Command",
          "unit": "",
          "value": 35.998139372306404,
          "ord": "/Points/Command_94"
        },
        {
          "id": "point_95",
          "name": "Setpoint_095",
          "type": "Setpoint",
          "unit": "°F",
          "value": 33.3940922497205,
          "ord": "/Points/Setpoint_95"
        },
        {
          "id": "point_96",
          "name": "Temperature_096",
          "type": "Temperature",
          "unit": "°F",
          "value": 98.91698306321658,
          "ord": "/Points/Temperature_96"
        },
        {
          "id": "point_97",
          "name": "Pressure_097",
          "type": "Pressure",
          "unit": "PSI",
          "value": 37.88317184595697,
          "ord": "/Points/Pressure_97"
        },
        {
          "id": "point_98",
          "name": "Flow_098",
          "type": "Flow",
          "unit": "CFM",
          "value": 45.496152794148735,
          "ord": "/Points/Flow_98"
        },
        {
          "id": "point_99",
          "name": "Status_099",
          "type": "Status",
          "unit": "",
          "value": 58.318179928786485,
          "ord": "/Points/Status_99"
        },
        {
          "id": "point_100",
          "name": "Command_100",
          "type": "Command",
          "unit": "",
          "value": 0.9447322853586515,
          "ord": "/Points/Command_100"
        },
        {
          "id": "point_101",
          "name": "Setpoint_101",
          "type": "Setpoint",
          "unit": "°F",
          "value": 92.9366764981677,
          "ord": "/Points/Setpoint_101"
        },
        {
          "id": "point_102",
          "name": "Temperature_102",
          "type": "Temperature",
          "unit": "°F",
          "value": 19.052658941648883,
          "ord": "/Points/Temperature_102"
        },
        {
          "id": "point_103",
          "name": "Pressure_103",
          "type": "Pressure",
          "unit": "PSI",
          "value": 92.52081150020621,
          "ord": "/Points/Pressure_103"
        },
        {
          "id": "point_104",
          "name": "Flow_104",
          "type": "Flow",
          "unit": "CFM",
          "value": 26.05815672600246,
          "ord": "/Points/Flow_104"
        },
        {
          "id": "point_105",
          "name": "Status_105",
          "type": "Status",
          "unit": "",
          "value": 51.96941100984004,
          "ord": "/Points/Status_105"
        },
        {
          "id": "point_106",
          "name": "Command_106",
          "type": "Command",
          "unit": "",
          "value": 93.12417478964774,
          "ord": "/Points/Command_106"
        },
        {
          "id": "point_107",
          "name": "Setpoint_107",
          "type": "Setpoint",
          "unit": "°F",
          "value": 43.62542300669857,
          "ord": "/Points/Setpoint_107"
        },
        {
          "id": "point_108",
          "name": "Temperature_108",
          "type": "Temperature",
          "unit": "°F",
          "value": 44.83922659457391,
          "ord": "/Points/Temperature_108"
        },
        {
          "id": "point_109",
          "name": "Pressure_109",
          "type": "Pressure",
          "unit": "PSI",
          "value": 61.898321056320945,
          "ord": "/Points/Pressure_109"
        },
        {
          "id": "point_110",
          "name": "Flow_110",
          "type": "Flow",
          "unit": "CFM",
          "value": 20.785747167639922,
          "ord": "/Points/Flow_110"
        },
        {
          "id": "point_111",
          "name": "Status_111",
          "type": "Status",
          "unit": "",
          "value": 27.13105595744648,
          "ord": "/Points/Status_111"
        },
        {
          "id": "point_112",
          "name": "Command_112",
          "type": "Command",
          "unit": "",
          "value": 97.27429790785415,
          "ord": "/Points/Command_112"
        },
        {
          "id": "point_113",
          "name": "Setpoint_113",
          "type": "Setpoint",
          "unit": "°F",
          "value": 93.6557808751178,
          "ord": "/Points/Setpoint_113"
        },
        {
          "id": "point_114",
          "name": "Temperature_114",
          "type": "Temperature",
          "unit": "°F",
          "value": 27.473191198657997,
          "ord": "/Points/Temperature_114"
        },
        {
          "id": "point_115",
          "name": "Pressure_115",
          "type": "Pressure",
          "unit": "PSI",
          "value": 4.170175047005098,
          "ord": "/Points/Pressure_115"
        },
        {
          "id": "point_116",
          "name": "Flow_116",
          "type": "Flow",
          "unit": "CFM",
          "value": 12.542312447430426,
          "ord": "/Points/Flow_116"
        },
        {
          "id": "point_117",
          "name": "Status_117",
          "type": "Status",
          "unit": "",
          "value": 6.021239136552847,
          "ord": "/Points/Status_117"
        },
        {
          "id": "point_118",
          "name": "Command_118",
          "type": "Command",
          "unit": "",
          "value": 20.225156690772693,
          "ord": "/Points/Command_118"
        },
        {
          "id": "point_119",
          "name": "Setpoint_119",
          "type": "Setpoint",
          "unit": "°F",
          "value": 78.50445454612736,
          "ord": "/Points/Setpoint_119"
        },
        {
          "id": "point_120",
          "name": "Temperature_120",
          "type": "Temperature",
          "unit": "°F",
          "value": 92.8085695328408,
          "ord": "/Points/Temperature_120"
        },
        {
          "id": "point_121",
          "name": "Pressure_121",
          "type": "Pressure",
          "unit": "PSI",
          "value": 1.4873164998810862,
          "ord": "/Points/Pressure_121"
        },
        {
          "id": "point_122",
          "name": "Flow_122",
          "type": "Flow",
          "unit": "CFM",
          "value": 77.58078764938084,
          "ord": "/Points/Flow_122"
        },
        {
          "id": "point_123",
          "name": "Status_123",
          "type": "Status",
          "unit": "",
          "value": 98.20992044394285,
          "ord": "/Points/Status_123"
        },
        {
          "id": "point_124",
          "name": "Command_124",
          "type": "Command",
          "unit": "",
          "value": 37.89971307640507,
          "ord": "/Points/Command_124"
        },
        {
          "id": "point_125",
          "name": "Setpoint_125",
          "type": "Setpoint",
          "unit": "°F",
          "value": 23.80879701162729,
          "ord": "/Points/Setpoint_125"
        },
        {
          "id": "point_126",
          "name": "Temperature_126",
          "type": "Temperature",
          "unit": "°F",
          "value": 90.09015240443749,
          "ord": "/Points/Temperature_126"
        },
        {
          "id": "point_127",
          "name": "Pressure_127",
          "type": "Pressure",
          "unit": "PSI",
          "value": 95.2440519586897,
          "ord": "/Points/Pressure_127"
        },
        {
          "id": "point_128",
          "name": "Flow_128",
          "type": "Flow",
          "unit": "CFM",
          "value": 3.540481458571487,
          "ord": "/Points/Flow_128"
        },
        {
          "id": "point_129",
          "name": "Status_129",
          "type": "Status",
          "unit": "",
          "value": 67.36431525513612,
          "ord": "/Points/Status_129"
        },
        {
          "id": "point_130",
          "name": "Command_130",
          "type": "Command",
          "unit": "",
          "value": 36.861300246997054,
          "ord": "/Points/Command_130"
        },
        {
          "id": "point_131",
          "name": "Setpoint_131",
          "type": "Setpoint",
          "unit": "°F",
          "value": 19.06724883612857,
          "ord": "/Points/Setpoint_131"
        },
        {
          "id": "point_132",
          "name": "Temperature_132",
          "type": "Temperature",
          "unit": "°F",
          "value": 64.42841042252824,
          "ord": "/Points/Temperature_132"
        },
        {
          "id": "point_133",
          "name": "Pressure_133",
          "type": "Pressure",
          "unit": "PSI",
          "value": 88.28124356797443,
          "ord": "/Points/Pressure_133"
        },
        {
          "id": "point_134",
          "name": "Flow_134",
          "type": "Flow",
          "unit": "CFM",
          "value": 60.43771354750649,
          "ord": "/Points/Flow_134"
        },
        {
          "id": "point_135",
          "name": "Status_135",
          "type": "Status",
          "unit": "",
          "value": 13.612322212303507,
          "ord": "/Points/Status_135"
        },
        {
          "id": "point_136",
          "name": "Command_136",
          "type": "Command",
          "unit": "",
          "value": 21.27443021576607,
          "ord": "/Points/Command_136"
        },
        {
          "id": "point_137",
          "name": "Setpoint_137",
          "type": "Setpoint",
          "unit": "°F",
          "value": 88.62436964669065,
          "ord": "/Points/Setpoint_137"
        },
        {
          "id": "point_138",
          "name": "Temperature_138",
          "type": "Temperature",
          "unit": "°F",
          "value": 24.94561575777349,
          "ord": "/Points/Temperature_138"
        },
        {
          "id": "point_139",
          "name": "Pressure_139",
          "type": "Pressure",
          "unit": "PSI",
          "value": 88.52240143512718,
          "ord": "/Points/Pressure_139"
        },
        {
          "id": "point_140",
          "name": "Flow_140",
          "type": "Flow",
          "unit": "CFM",
          "value": 18.369805173445876,
          "ord": "/Points/Flow_140"
        },
        {
          "id": "point_141",
          "name": "Status_141",
          "type": "Status",
          "unit": "",
          "value": 71.80021378849635,
          "ord": "/Points/Status_141"
        },
        {
          "id": "point_142",
          "name": "Command_142",
          "type": "Command",
          "unit": "",
          "value": 47.642920969365285,
          "ord": "/Points/Command_142"
        },
        {
          "id": "point_143",
          "name": "Setpoint_143",
          "type": "Setpoint",
          "unit": "°F",
          "value": 97.62858412359942,
          "ord": "/Points/Setpoint_143"
        },
        {
          "id": "point_144",
          "name": "Temperature_144",
          "type": "Temperature",
          "unit": "°F",
          "value": 6.942946550586793,
          "ord": "/Points/Temperature_144"
        },
        {
          "id": "point_145",
          "name": "Pressure_145",
          "type": "Pressure",
          "unit": "PSI",
          "value": 57.49532557595789,
          "ord": "/Points/Pressure_145"
        },
        {
          "id": "point_146",
          "name": "Flow_146",
          "type": "Flow",
          "unit": "CFM",
          "value": 18.622501816244473,
          "ord": "/Points/Flow_146"
        },
        {
          "id": "point_147",
          "name": "Status_147",
          "type": "Status",
          "unit": "",
          "value": 30.45828274429001,
          "ord": "/Points/Status_147"
        },
        {
          "id": "point_148",
          "name": "Command_148",
          "type": "Command",
          "unit": "",
          "value": 27.806057291236485,
          "ord": "/Points/Command_148"
        },
        {
          "id": "point_149",
          "name": "Setpoint_149",
          "type": "Setpoint",
          "unit": "°F",
          "value": 39.09111538762037,
          "ord": "/Points/Setpoint_149"
        },
        {
          "id": "point_150",
          "name": "Temperature_150",
          "type": "Temperature",
          "unit": "°F",
          "value": 28.61167686111924,
          "ord": "/Points/Temperature_150"
        },
        {
          "id": "point_151",
          "name": "Pressure_151",
          "type": "Pressure",
          "unit": "PSI",
          "value": 9.849336189467472,
          "ord": "/Points/Pressure_151"
        },
        {
          "id": "point_152",
          "name": "Flow_152",
          "type": "Flow",
          "unit": "CFM",
          "value": 58.847543908329094,
          "ord": "/Points/Flow_152"
        },
        {
          "id": "point_153",
          "name": "Status_153",
          "type": "Status",
          "unit": "",
          "value": 30.049023194468948,
          "ord": "/Points/Status_153"
        },
        {
          "id": "point_154",
          "name": "Command_154",
          "type": "Command",
          "unit": "",
          "value": 48.69643034824267,
          "ord": "/Points/Command_154"
        },
        {
          "id": "point_155",
          "name": "Setpoint_155",
          "type": "Setpoint",
          "unit": "°F",
          "value": 46.1536917082501,
          "ord": "/Points/Setpoint_155"
        },
        {
          "id": "point_156",
          "name": "Temperature_156",
          "type": "Temperature",
          "unit": "°F",
          "value": 70.38782531156038,
          "ord": "/Points/Temperature_156"
        },
        {
          "id": "point_157",
          "name": "Pressure_157",
          "type": "Pressure",
          "unit": "PSI",
          "value": 25.719493802526337,
          "ord": "/Points/Pressure_157"
        },
        {
          "id": "point_158",
          "name": "Flow_158",
          "type": "Flow",
          "unit": "CFM",
          "value": 91.04216233677435,
          "ord": "/Points/Flow_158"
        },
        {
          "id": "point_159",
          "name": "Status_159",
          "type": "Status",
          "unit": "",
          "value": 5.6842166136463534,
          "ord": "/Points/Status_159"
        },
        {
          "id": "point_160",
          "name": "Command_160",
          "type": "Command",
          "unit": "",
          "value": 70.13347540461017,
          "ord": "/Points/Command_160"
        },
        {
          "id": "point_161",
          "name": "Setpoint_161",
          "type": "Setpoint",
          "unit": "°F",
          "value": 72.1615555572578,
          "ord": "/Points/Setpoint_161"
        },
        {
          "id": "point_162",
          "name": "Temperature_162",
          "type": "Temperature",
          "unit": "°F",
          "value": 31.393985237668875,
          "ord": "/Points/Temperature_162"
        },
        {
          "id": "point_163",
          "name": "Pressure_163",
          "type": "Pressure",
          "unit": "PSI",
          "value": 34.25318893674759,
          "ord": "/Points/Pressure_163"
        },
        {
          "id": "point_164",
          "name": "Flow_164",
          "type": "Flow",
          "unit": "CFM",
          "value": 94.66065120554515,
          "ord": "/Points/Flow_164"
        },
        {
          "id": "point_165",
          "name": "Status_165",
          "type": "Status",
          "unit": "",
          "value": 2.72529884800371,
          "ord": "/Points/Status_165"
        },
        {
          "id": "point_166",
          "name": "Command_166",
          "type": "Command",
          "unit": "",
          "value": 27.383836484841318,
          "ord": "/Points/Command_166"
        },
        {
          "id": "point_167",
          "name": "Setpoint_167",
          "type": "Setpoint",
          "unit": "°F",
          "value": 16.780417137009763,
          "ord": "/Points/Setpoint_167"
        },
        {
          "id": "point_168",
          "name": "Temperature_168",
          "type": "Temperature",
          "unit": "°F",
          "value": 90.66458367573543,
          "ord": "/Points/Temperature_168"
        },
        {
          "id": "point_169",
          "name": "Pressure_169",
          "type": "Pressure",
          "unit": "PSI",
          "value": 50.52732544521638,
          "ord": "/Points/Pressure_169"
        },
        {
          "id": "point_170",
          "name": "Flow_170",
          "type": "Flow",
          "unit": "CFM",
          "value": 24.81524870873931,
          "ord": "/Points/Flow_170"
        },
        {
          "id": "point_171",
          "name": "Status_171",
          "type": "Status",
          "unit": "",
          "value": 77.65109490283272,
          "ord": "/Points/Status_171"
        },
        {
          "id": "point_172",
          "name": "Command_172",
          "type": "Command",
          "unit": "",
          "value": 3.6350004378217338,
          "ord": "/Points/Command_172"
        },
        {
          "id": "point_173",
          "name": "Setpoint_173",
          "type": "Setpoint",
          "unit": "°F",
          "value": 1.3771509754749278,
          "ord": "/Points/Setpoint_173"
        },
        {
          "id": "point_174",
          "name": "Temperature_174",
          "type": "Temperature",
          "unit": "°F",
          "value": 98.96064957690736,
          "ord": "/Points/Temperature_174"
        },
        {
          "id": "point_175",
          "name": "Pressure_175",
          "type": "Pressure",
          "unit": "PSI",
          "value": 68.70519300910267,
          "ord": "/Points/Pressure_175"
        },
        {
          "id": "point_176",
          "name": "Flow_176",
          "type": "Flow",
          "unit": "CFM",
          "value": 30.89510340418543,
          "ord": "/Points/Flow_176"
        },
        {
          "id": "point_177",
          "name": "Status_177",
          "type": "Status",
          "unit": "",
          "value": 99.5831622791988,
          "ord": "/Points/Status_177"
        },
        {
          "id": "point_178",
          "name": "Command_178",
          "type": "Command",
          "unit": "",
          "value": 7.288129782268626,
          "ord": "/Points/Command_178"
        },
        {
          "id": "point_179",
          "name": "Setpoint_179",
          "type": "Setpoint",
          "unit": "°F",
          "value": 85.11611472991888,
          "ord": "/Points/Setpoint_179"
        },
        {
          "id": "point_180",
          "name": "Temperature_180",
          "type": "Temperature",
          "unit": "°F",
          "value": 25.92793149773319,
          "ord": "/Points/Temperature_180"
        },
        {
          "id": "point_181",
          "name": "Pressure_181",
          "type": "Pressure",
          "unit": "PSI",
          "value": 99.51944822693007,
          "ord": "/Points/Pressure_181"
        },
        {
          "id": "point_182",
          "name": "Flow_182",
          "type": "Flow",
          "unit": "CFM",
          "value": 21.138006947955024,
          "ord": "/Points/Flow_182"
        },
        {
          "id": "point_183",
          "name": "Status_183",
          "type": "Status",
          "unit": "",
          "value": 68.58078722315173,
          "ord": "/Points/Status_183"
        },
        {
          "id": "point_184",
          "name": "Command_184",
          "type": "Command",
          "unit": "",
          "value": 51.53994683595258,
          "ord": "/Points/Command_184"
        },
        {
          "id": "point_185",
          "name": "Setpoint_185",
          "type": "Setpoint",
          "unit": "°F",
          "value": 69.7928025757149,
          "ord": "/Points/Setpoint_185"
        },
        {
          "id": "point_186",
          "name": "Temperature_186",
          "type": "Temperature",
          "unit": "°F",
          "value": 6.388403522031028,
          "ord": "/Points/Temperature_186"
        },
        {
          "id": "point_187",
          "name": "Pressure_187",
          "type": "Pressure",
          "unit": "PSI",
          "value": 50.56530402579701,
          "ord": "/Points/Pressure_187"
        },
        {
          "id": "point_188",
          "name": "Flow_188",
          "type": "Flow",
          "unit": "CFM",
          "value": 53.808487606767486,
          "ord": "/Points/Flow_188"
        },
        {
          "id": "point_189",
          "name": "Status_189",
          "type": "Status",
          "unit": "",
          "value": 75.57449088016001,
          "ord": "/Points/Status_189"
        },
        {
          "id": "point_190",
          "name": "Command_190",
          "type": "Command",
          "unit": "",
          "value": 88.19237542383335,
          "ord": "/Points/Command_190"
        },
        {
          "id": "point_191",
          "name": "Setpoint_191",
          "type": "Setpoint",
          "unit": "°F",
          "value": 11.83455283576993,
          "ord": "/Points/Setpoint_191"
        },
        {
          "id": "point_192",
          "name": "Temperature_192",
          "type": "Temperature",
          "unit": "°F",
          "value": 10.140060190173816,
          "ord": "/Points/Temperature_192"
        },
        {
          "id": "point_193",
          "name": "Pressure_193",
          "type": "Pressure",
          "unit": "PSI",
          "value": 96.50918173988823,
          "ord": "/Points/Pressure_193"
        },
        {
          "id": "point_194",
          "name": "Flow_194",
          "type": "Flow",
          "unit": "CFM",
          "value": 29.81868547807106,
          "ord": "/Points/Flow_194"
        },
        {
          "id": "point_195",
          "name": "Status_195",
          "type": "Status",
          "unit": "",
          "value": 78.88902959845434,
          "ord": "/Points/Status_195"
        },
        {
          "id": "point_196",
          "name": "Command_196",
          "type": "Command",
          "unit": "",
          "value": 99.23661331026331,
          "ord": "/Points/Command_196"
        },
        {
          "id": "point_197",
          "name": "Setpoint_197",
          "type": "Setpoint",
          "unit": "°F",
          "value": 95.37192302994436,
          "ord": "/Points/Setpoint_197"
        },
        {
          "id": "point_198",
          "name": "Temperature_198",
          "type": "Temperature",
          "unit": "°F",
          "value": 64.8500045836677,
          "ord": "/Points/Temperature_198"
        },
        {
          "id": "point_199",
          "name": "Pressure_199",
          "type": "Pressure",
          "unit": "PSI",
          "value": 49.802460398549705,
          "ord": "/Points/Pressure_199"
        },
        {
          "id": "point_200",
          "name": "Flow_200",
          "type": "Flow",
          "unit": "CFM",
          "value": 98.0168597581126,
          "ord": "/Points/Flow_200"
        },
        {
          "id": "point_201",
          "name": "Status_201",
          "type": "Status",
          "unit": "",
          "value": 83.46488849366571,
          "ord": "/Points/Status_201"
        },
        {
          "id": "point_202",
          "name": "Command_202",
          "type": "Command",
          "unit": "",
          "value": 69.27276393714003,
          "ord": "/Points/Command_202"
        },
        {
          "id": "point_203",
          "name": "Setpoint_203",
          "type": "Setpoint",
          "unit": "°F",
          "value": 75.53215798141545,
          "ord": "/Points/Setpoint_203"
        },
        {
          "id": "point_204",
          "name": "Temperature_204",
          "type": "Temperature",
          "unit": "°F",
          "value": 38.039542055770696,
          "ord": "/Points/Temperature_204"
        },
        {
          "id": "point_205",
          "name": "Pressure_205",
          "type": "Pressure",
          "unit": "PSI",
          "value": 5.5358848576291475,
          "ord": "/Points/Pressure_205"
        },
        {
          "id": "point_206",
          "name": "Flow_206",
          "type": "Flow",
          "unit": "CFM",
          "value": 82.98239387314061,
          "ord": "/Points/Flow_206"
        },
        {
          "id": "point_207",
          "name": "Status_207",
          "type": "Status",
          "unit": "",
          "value": 37.01449057645348,
          "ord": "/Points/Status_207"
        },
        {
          "id": "point_208",
          "name": "Command_208",
          "type": "Command",
          "unit": "",
          "value": 22.967752087224625,
          "ord": "/Points/Command_208"
        },
        {
          "id": "point_209",
          "name": "Setpoint_209",
          "type": "Setpoint",
          "unit": "°F",
          "value": 1.7908618131390774,
          "ord": "/Points/Setpoint_209"
        },
        {
          "id": "point_210",
          "name": "Temperature_210",
          "type": "Temperature",
          "unit": "°F",
          "value": 3.3631111854666607,
          "ord": "/Points/Temperature_210"
        },
        {
          "id": "point_211",
          "name": "Pressure_211",
          "type": "Pressure",
          "unit": "PSI",
          "value": 96.43512940203561,
          "ord": "/Points/Pressure_211"
        },
        {
          "id": "point_212",
          "name": "Flow_212",
          "type": "Flow",
          "unit": "CFM",
          "value": 44.79804695239665,
          "ord": "/Points/Flow_212"
        },
        {
          "id": "point_213",
          "name": "Status_213",
          "type": "Status",
          "unit": "",
          "value": 9.9449350041382,
          "ord": "/Points/Status_213"
        },
        {
          "id": "point_214",
          "name": "Command_214",
          "type": "Command",
          "unit": "",
          "value": 54.953192521759334,
          "ord": "/Points/Command_214"
        },
        {
          "id": "point_215",
          "name": "Setpoint_215",
          "type": "Setpoint",
          "unit": "°F",
          "value": 78.91928403757655,
          "ord": "/Points/Setpoint_215"
        },
        {
          "id": "point_216",
          "name": "Temperature_216",
          "type": "Temperature",
          "unit": "°F",
          "value": 71.1232178244202,
          "ord": "/Points/Temperature_216"
        },
        {
          "id": "point_217",
          "name": "Pressure_217",
          "type": "Pressure",
          "unit": "PSI",
          "value": 32.00402473845766,
          "ord": "/Points/Pressure_217"
        },
        {
          "id": "point_218",
          "name": "Flow_218",
          "type": "Flow",
          "unit": "CFM",
          "value": 18.0010770404321,
          "ord": "/Points/Flow_218"
        },
        {
          "id": "point_219",
          "name": "Status_219",
          "type": "Status",
          "unit": "",
          "value": 18.348661857409788,
          "ord": "/Points/Status_219"
        },
        {
          "id": "point_220",
          "name": "Command_220",
          "type": "Command",
          "unit": "",
          "value": 19.97547390909997,
          "ord": "/Points/Command_220"
        },
        {
          "id": "point_221",
          "name": "Setpoint_221",
          "type": "Setpoint",
          "unit": "°F",
          "value": 27.13174040815899,
          "ord": "/Points/Setpoint_221"
        },
        {
          "id": "point_222",
          "name": "Temperature_222",
          "type": "Temperature",
          "unit": "°F",
          "value": 15.052226971367089,
          "ord": "/Points/Temperature_222"
        },
        {
          "id": "point_223",
          "name": "Pressure_223",
          "type": "Pressure",
          "unit": "PSI",
          "value": 53.08779348161051,
          "ord": "/Points/Pressure_223"
        },
        {
          "id": "point_224",
          "name": "Flow_224",
          "type": "Flow",
          "unit": "CFM",
          "value": 79.50453063958432,
          "ord": "/Points/Flow_224"
        },
        {
          "id": "point_225",
          "name": "Status_225",
          "type": "Status",
          "unit": "",
          "value": 21.197229352490808,
          "ord": "/Points/Status_225"
        },
        {
          "id": "point_226",
          "name": "Command_226",
          "type": "Command",
          "unit": "",
          "value": 80.6640053030255,
          "ord": "/Points/Command_226"
        },
        {
          "id": "point_227",
          "name": "Setpoint_227",
          "type": "Setpoint",
          "unit": "°F",
          "value": 68.84990076016648,
          "ord": "/Points/Setpoint_227"
        },
        {
          "id": "point_228",
          "name": "Temperature_228",
          "type": "Temperature",
          "unit": "°F",
          "value": 80.64844237150243,
          "ord": "/Points/Temperature_228"
        },
        {
          "id": "point_229",
          "name": "Pressure_229",
          "type": "Pressure",
          "unit": "PSI",
          "value": 34.19434026529766,
          "ord": "/Points/Pressure_229"
        },
        {
          "id": "point_230",
          "name": "Flow_230",
          "type": "Flow",
          "unit": "CFM",
          "value": 77.73664439981289,
          "ord": "/Points/Flow_230"
        },
        {
          "id": "point_231",
          "name": "Status_231",
          "type": "Status",
          "unit": "",
          "value": 51.45387738893897,
          "ord": "/Points/Status_231"
        },
        {
          "id": "point_232",
          "name": "Command_232",
          "type": "Command",
          "unit": "",
          "value": 18.432586434656308,
          "ord": "/Points/Command_232"
        },
        {
          "id": "point_233",
          "name": "Setpoint_233",
          "type": "Setpoint",
          "unit": "°F",
          "value": 22.160942301725296,
          "ord": "/Points/Setpoint_233"
        },
        {
          "id": "point_234",
          "name": "Temperature_234",
          "type": "Temperature",
          "unit": "°F",
          "value": 28.809189062366126,
          "ord": "/Points/Temperature_234"
        }
      ],
      "schedules": [
        {
          "id": "schedule_1",
          "name": "Schedule_01",
          "type": "Weekly",
          "active": false
        },
        {
          "id": "schedule_2",
          "name": "Schedule_02",
          "type": "Weekly",
          "active": true
        },
        {
          "id": "schedule_3",
          "name": "Schedule_03",
          "type": "Weekly",
          "active": false
        },
        {
          "id": "schedule_4",
          "name": "Schedule_04",
          "type": "Weekly",
          "active": true
        },
        {
          "id": "schedule_5",
          "name": "Schedule_05",
          "type": "Weekly",
          "active": false
        },
        {
          "id": "schedule_6",
          "name": "Schedule_06",
          "type": "Weekly",
          "active": true
        },
        {
          "id": "schedule_7",
          "name": "Schedule_07",
          "type": "Weekly",
          "active": false
        },
        {
          "id": "schedule_8",
          "name": "Schedule_08",
          "type": "Weekly",
          "active": true
        },
        {
          "id": "schedule_9",
          "name": "Schedule_09",
          "type": "Weekly",
          "active": false
        },
        {
          "id": "schedule_10",
          "name": "Schedule_10",
          "type": "Weekly",
          "active": true
        },
        {
          "id": "schedule_11",
          "name": "Schedule_11",
          "type": "Weekly",
          "active": false
        },
        {
          "id": "schedule_12",
          "name": "Schedule_12",
          "type": "Weekly",
          "active": true
        }
      ],
      "histories": [
        {
          "id": "history_1",
          "name": "History_01",
          "interval": "15min",
          "retention": "30days"
        },
        {
          "id": "history_2",
          "name": "History_02",
          "interval": "15min",
          "retention": "30days"
        },
        {
          "id": "history_3",
          "name": "History_03",
          "interval": "15min",
          "retention": "30days"
        },
        {
          "id": "history_4",
          "name": "History_04",
          "interval": "15min",
          "retention": "30days"
        },
        {
          "id": "history_5",
          "name": "History_05",
          "interval": "15min",
          "retention": "30days"
        },
        {
          "id": "history_6",
          "name": "History_06",
          "interval": "15min",
          "retention": "30days"
        },
        {
          "id": "history_7",
          "name": "History_07",
          "interval": "15min",
          "retention": "30days"
        },
        {
          "id": "history_8",
          "name": "History_08",
          "interval": "15min",
          "retention": "30days"
        }
      ],
      "tags": {
        "siteName": "Building Automation System",
        "siteReference": "BAS-001",
        "equipmentCount": 45,
        "pointCount": 234,
        "facets": [
          "hvac",
          "equip",
          "point",
          "sensor",
          "cmd"
        ]
      }
    }
  }